timestamp,item,buy_price,sell_price
2024-07-01 23:09:25,STOCK_OF_STONKS,12174910.124528302,11800487.717532469
2024-07-01 23:25:09,STOCK_OF_STONKS,12170999.813636364,11744858.826478872
2024-07-01 23:37:34,STOCK_OF_STONKS,12167337.82173913,11749878.95170068
2024-07-01 23:49:46,STOCK_OF_STONKS,12154956.409523811,11749878.955782313
2024-07-02 00:37:27,STOCK_OF_STONKS,12128885.55,11749880.315517241
2024-07-02 01:47:32,STOCK_OF_STONKS,11919999.185,11749881.04302521
2024-07-02 02:25:27,STOCK_OF_STONKS,11919997.46039604,11749881.176747719
2024-07-02 02:47:13,STOCK_OF_STONKS,11919997.49264706,11749881.150544323
2024-07-02 02:59:22,STOCK_OF_STONKS,12128886.370000001,11749881.0
2024-07-02 03:23:29,STOCK_OF_STONKS,12128886.368831169,11749881.071067963
2024-07-02 03:36:43,STOCK_OF_STONKS,12128886.338709677,11749881.09486692
2024-07-02 03:48:47,STOCK_OF_STONKS,12128886.372413794,11749881.137781955
2024-07-02 04:08:18,STOCK_OF_STONKS,12128886.370689655,11749891.425765766
2024-07-02 04:30:37,STOCK_OF_STONKS,12134762.71395349,11749895.576895308
2024-07-02 04:42:33,STOCK_OF_STONKS,12155839.105,11749911.530261137
2024-07-02 04:54:35,STOCK_OF_STONKS,12134262.56170213,11749913.883832335
2024-07-02 05:17:03,STOCK_OF_STONKS,12128885.528846154,11749908.812038522
2024-07-02 05:31:37,STOCK_OF_STONKS,12109570.125490196,11752259.566066483
2024-07-02 05:43:37,STOCK_OF_STONKS,12156459.961052634,11750673.771384615
2024-07-02 05:55:26,STOCK_OF_STONKS,12109212.934615385,11750970.672960725
2024-07-02 06:26:46,STOCK_OF_STONKS,12111150.725531915,11759693.706990885
2024-07-02 06:42:12,STOCK_OF_STONKS,12113025.51860465,11753036.55595716
2024-07-02 06:54:01,STOCK_OF_STONKS,12128885.879166665,11751375.374336282
2024-07-02 07:15:57,STOCK_OF_STONKS,12128885.615909092,11753512.43566879
2024-07-02 07:30:12,STOCK_OF_STONKS,12157559.415957445,11766950.860120846
2024-07-02 07:42:19,STOCK_OF_STONKS,12128886.4,11765416.23841808
2024-07-02 07:54:17,STOCK_OF_STONKS,12124032.556097561,11766693.335045315
2024-07-02 08:20:17,STOCK_OF_STONKS,12128886.4,11767054.300297618
2024-07-02 08:35:51,STOCK_OF_STONKS,12128886.386666667,11767107.361807581
2024-07-02 08:47:39,STOCK_OF_STONKS,12128886.387837838,11767054.588323353
2024-07-02 08:59:38,STOCK_OF_STONKS,12128886.398571428,11767089.021776505
2024-07-02 09:22:43,STOCK_OF_STONKS,12126788.820289856,11767054.339156626
2024-07-02 09:35:13,STOCK_OF_STONKS,12118548.34065934,11767054.110746266
2024-07-02 09:47:21,STOCK_OF_STONKS,12153810.770408163,11767054.141470587
2024-07-02 09:59:38,STOCK_OF_STONKS,12170993.37142857,11762182.056268223
2024-07-02 10:24:48,STOCK_OF_STONKS,12255967.955813954,11772685.192145014
2024-07-02 10:38:47,STOCK_OF_STONKS,12255967.715,11772984.571470587
2024-07-02 10:50:50,STOCK_OF_STONKS,12255967.715,11773212.470724637
2024-07-02 11:09:04,STOCK_OF_STONKS,12437961.995555554,11777769.131858407
2024-07-02 11:22:26,STOCK_OF_STONKS,12461120.445714286,11791462.0
2024-07-02 11:35:35,STOCK_OF_STONKS,12999999.6975,12139319.973553715
2024-07-02 11:47:24,STOCK_OF_STONKS,13000000.0,12054225.9540305
2024-07-02 11:59:36,STOCK_OF_STONKS,14000000.0,12131643.307819905
2024-07-02 12:38:36,STOCK_OF_STONKS,14999997.799999999,12417684.923462413
2024-07-02 12:58:47,STOCK_OF_STONKS,14670156.656756759,11753099.73111702
2024-07-02 13:23:31,STOCK_OF_STONKS,12499998.472222222,11750784.744496124
2024-07-02 13:35:43,STOCK_OF_STONKS,12587803.273170732,11755739.57699115
2024-07-02 13:47:42,STOCK_OF_STONKS,12587803.258536587,11765091.677517243
2024-07-02 13:59:36,STOCK_OF_STONKS,12635133.594594594,11857828.129896909
2024-07-02 14:20:32,STOCK_OF_STONKS,12635133.594594594,11857828.129896909
2024-07-02 14:32:50,STOCK_OF_STONKS,12635133.594594594,11857828.129896909
2024-07-02 14:44:32,STOCK_OF_STONKS,12635133.594594594,11857828.129896909
2024-07-02 14:56:45,STOCK_OF_STONKS,12635133.594594594,11857828.129896909
2024-07-02 15:20:06,STOCK_OF_STONKS,12635133.594594594,11857828.129896909
2024-07-02 15:32:38,STOCK_OF_STONKS,12635133.594594594,11857828.129896909
2024-07-02 15:44:36,STOCK_OF_STONKS,14999998.199999997,11929892.523255814
2024-07-02 15:56:42,STOCK_OF_STONKS,14494336.198019803,12556401.94173913
2024-07-02 16:27:05,STOCK_OF_STONKS,13299998.97586207,13017864.094594594
2024-07-02 16:42:59,STOCK_OF_STONKS,13299989.163793104,12401959.924096385
2024-07-02 16:55:06,STOCK_OF_STONKS,13205995.522727273,12497595.557575759
2024-07-02 17:16:10,STOCK_OF_STONKS,13205988.898013245,12580955.767272728
2024-07-02 17:30:29,STOCK_OF_STONKS,12855655.564383563,11780104.570588237
2024-07-02 17:42:23,STOCK_OF_STONKS,11979998.233333332,11800002.1
2024-07-02 17:54:20,STOCK_OF_STONKS,11922381.96119403,11800002.1
2024-07-02 18:21:50,STOCK_OF_STONKS,12183575.022307694,11749881.133333333
2024-07-02 18:37:37,STOCK_OF_STONKS,12217547.726086957,11749884.126086956
2024-07-02 18:49:35,STOCK_OF_STONKS,11999998.153571427,11749881.72584493
2024-07-02 19:07:42,STOCK_OF_STONKS,11999998.159999998,11749885.792307692
2024-07-02 19:21:08,STOCK_OF_STONKS,11999998.18352941,11749887.222018352
2024-07-02 19:33:39,STOCK_OF_STONKS,12187540.221311476,11749887.348780489
2024-07-02 19:57:20,STOCK_OF_STONKS,12844743.812345678,11783821.327678572
2024-07-02 20:22:51,STOCK_OF_STONKS,12855657.042260444,11799897.46020408
2024-07-02 20:36:21,STOCK_OF_STONKS,12855656.950364964,11799898.226999998
2024-07-02 20:48:33,STOCK_OF_STONKS,12821035.096202532,11799901.910625
2024-07-02 21:00:38,STOCK_OF_STONKS,12759519.017857144,11830752.406329114
2024-07-02 21:20:29,STOCK_OF_STONKS,12699987.490243902,11881413.19736842
2024-07-02 21:33:21,STOCK_OF_STONKS,12699986.663529413,11966867.862727273
2024-07-02 21:45:17,STOCK_OF_STONKS,12699986.66419753,11966867.888181819
2024-07-02 21:57:01,STOCK_OF_STONKS,12699987.146551725,11966867.926126128
2024-07-02 22:19:46,STOCK_OF_STONKS,12699984.85326087,11966868.618181815
2024-07-02 22:33:18,STOCK_OF_STONKS,12699984.386725664,11966871.158385094
2024-07-02 22:45:13,STOCK_OF_STONKS,12671160.158598725,11972844.10074074
2024-07-02 22:57:26,STOCK_OF_STONKS,12699986.518085107,12003529.85530303
2024-07-02 23:19:35,STOCK_OF_STONKS,12699987.595698927,12003532.30582524
2024-07-02 23:31:46,STOCK_OF_STONKS,12699986.737894738,12038357.812280701
2024-07-02 23:43:41,STOCK_OF_STONKS,12628053.466279069,12016928.068269232
2024-07-02 23:55:27,STOCK_OF_STONKS,12699987.207407407,12049927.308130082
2024-07-03 01:20:10,STOCK_OF_STONKS,12636236.566666666,12120667.371317832
2024-07-03 02:10:27,STOCK_OF_STONKS,12624998.705999998,12118431.691366907
2024-07-03 02:40:26,STOCK_OF_STONKS,12853152.44175,12120136.886497892
2024-07-03 02:52:22,STOCK_OF_STONKS,12855656.84940048,12176573.685964912
2024-07-03 03:14:04,STOCK_OF_STONKS,12855656.308556149,12210532.500990098
2024-07-03 03:30:09,STOCK_OF_STONKS,12855655.0,12210534.5888
2024-07-03 03:42:10,STOCK_OF_STONKS,12855654.594908815,12212810.393396225
2024-07-03 03:54:09,STOCK_OF_STONKS,12855653.9,12268893.19107143
2024-07-03 04:18:37,STOCK_OF_STONKS,12855650.684946237,11752560.425333334
2024-07-03 04:33:38,STOCK_OF_STONKS,12855649.640384614,11950564.525301205
2024-07-03 04:45:40,STOCK_OF_STONKS,12765139.6,11950568.181308413
2024-07-03 04:57:44,STOCK_OF_STONKS,12715462.225,11968346.323076924
2024-07-03 05:21:43,STOCK_OF_STONKS,12378006.294660194,11749880.39068323
2024-07-03 05:35:22,STOCK_OF_STONKS,12315191.437391303,11749881.169767441
2024-07-03 05:47:20,STOCK_OF_STONKS,12285411.209677419,11749963.596551726
2024-07-03 05:59:01,STOCK_OF_STONKS,12238056.304895107,11750001.564285714
2024-07-03 06:30:30,STOCK_OF_STONKS,12210342.82795699,11773343.138666667
2024-07-03 06:44:43,STOCK_OF_STONKS,12203686.949565217,11758979.443157895
2024-07-03 06:56:34,STOCK_OF_STONKS,12148173.16666667,11759263.615555556
2024-07-03 07:18:30,STOCK_OF_STONKS,12137071.343010753,11749911.783333331
2024-07-03 07:30:30,STOCK_OF_STONKS,12068762.504210528,11749901.444444444
2024-07-03 07:42:28,STOCK_OF_STONKS,12068762.196666665,11736268.020754715
2024-07-03 07:54:23,STOCK_OF_STONKS,12068762.086666668,11737111.16460177
2024-07-03 08:21:41,STOCK_OF_STONKS,12086875.084782608,11630518.356756756
2024-07-03 08:36:38,STOCK_OF_STONKS,12068761.314705882,11623718.715714285
2024-07-03 08:48:34,STOCK_OF_STONKS,12068761.263333332,11630225.044285713
2024-07-03 09:01:45,STOCK_OF_STONKS,12068761.094074074,11630146.628985507
2024-07-03 09:23:43,STOCK_OF_STONKS,12044397.31770833,11635655.006756756
2024-07-03 09:35:45,STOCK_OF_STONKS,12034523.30095238,11636514.697674418
2024-07-03 09:48:01,STOCK_OF_STONKS,12051509.199152542,11637199.328947369
2024-07-03 09:59:50,STOCK_OF_STONKS,12025448.51764706,11640000.281578949
2024-07-03 10:26:43,STOCK_OF_STONKS,12025448.059504133,11659276.208045976
2024-07-03 10:40:54,STOCK_OF_STONKS,12025447.631205674,11659277.514117647
2024-07-03 10:52:39,STOCK_OF_STONKS,12025447.61707317,11659277.747945208
2024-07-03 11:11:28,STOCK_OF_STONKS,12025443.259183675,11659279.832183909
2024-07-03 11:23:26,STOCK_OF_STONKS,12025446.244545456,11659279.70945946
2024-07-03 11:36:04,STOCK_OF_STONKS,12025445.561940297,11659281.6
2024-07-03 11:48:00,STOCK_OF_STONKS,12025444.04141414,11659281.974157302
2024-07-03 12:00:07,STOCK_OF_STONKS,12009044.414432988,11677591.839325843
2024-07-03 12:40:44,STOCK_OF_STONKS,11996739.432,11677593.247222222
2024-07-03 13:00:51,STOCK_OF_STONKS,11963895.37653061,11669047.391428571
2024-07-03 13:25:06,STOCK_OF_STONKS,11967633.399130434,11649059.910843372
2024-07-03 13:37:10,STOCK_OF_STONKS,11949805.67927928,11651312.673170729
2024-07-03 13:49:06,STOCK_OF_STONKS,11938436.86929134,11654494.855999999
2024-07-03 14:07:47,STOCK_OF_STONKS,11940045.720560748,11654495.344594594
2024-07-03 14:28:11,STOCK_OF_STONKS,11948465.551968504,11668264.241025642
2024-07-03 14:40:11,STOCK_OF_STONKS,12021799.047959184,11668264.871874997
2024-07-03 14:52:13,STOCK_OF_STONKS,11980563.46846154,11673340.835789472
2024-07-03 15:13:10,STOCK_OF_STONKS,11992446.252688171,11684340.434939757
2024-07-03 15:28:48,STOCK_OF_STONKS,11959185.038931297,11668264.696202531
2024-07-03 15:40:41,STOCK_OF_STONKS,11930090.933333335,11666394.44691358
2024-07-03 15:52:43,STOCK_OF_STONKS,11903825.293617021,11643099.561052633
2024-07-03 16:17:25,STOCK_OF_STONKS,11903823.92481752,11644751.463000001
2024-07-03 16:37:09,STOCK_OF_STONKS,11902216.68739496,11673070.857534245
2024-07-03 16:48:54,STOCK_OF_STONKS,11900627.029104479,11700001.5
2024-07-03 17:02:08,STOCK_OF_STONKS,11900064.318965517,11705000.0
2024-07-03 17:22:50,STOCK_OF_STONKS,11903823.633057851,11715573.353999998
2024-07-03 17:35:11,STOCK_OF_STONKS,11903824.345689654,11700001.665461846
2024-07-03 17:47:26,STOCK_OF_STONKS,11892230.185185185,11700726.808300395
2024-07-03 17:59:23,STOCK_OF_STONKS,11894355.743661972,11700001.452054795
2024-07-03 18:26:21,STOCK_OF_STONKS,11901830.217142858,11639112.075903615
2024-07-03 18:39:52,STOCK_OF_STONKS,11902068.773770493,11640002.605882352
2024-07-03 18:51:46,STOCK_OF_STONKS,11902353.418803418,11640002.495833334
2024-07-03 19:09:21,STOCK_OF_STONKS,11899998.9,11641693.802439023
2024-07-03 19:21:42,STOCK_OF_STONKS,11903825.175961537,11636056.193421053
2024-07-03 19:35:35,STOCK_OF_STONKS,11903824.333333334,11635655.747435898
2024-07-03 19:47:17,STOCK_OF_STONKS,11903822.584328359,11618278.06081081
2024-07-03 19:59:23,STOCK_OF_STONKS,11901962.43142857,11625020.56707317
2024-07-03 20:21:53,STOCK_OF_STONKS,11903821.688073395,11557030.751132686
2024-07-03 20:34:48,STOCK_OF_STONKS,11902999.697805643,11560271.832522796
2024-07-03 20:46:46,STOCK_OF_STONKS,11902999.76357143,11567652.2
2024-07-03 20:58:41,STOCK_OF_STONKS,11883436.810185185,11567652.604687499
2024-07-03 21:20:46,STOCK_OF_STONKS,11868010.2875,11567653.130337078
2024-07-03 21:34:49,STOCK_OF_STONKS,11838864.777083334,11200002.169491526
2024-07-03 21:46:44,STOCK_OF_STONKS,11838863.695041321,11231947.279999997
2024-07-03 21:58:50,STOCK_OF_STONKS,11834999.783879783,11262101.4
2024-07-03 22:22:32,STOCK_OF_STONKS,11834998.9994709,11268029.877586206
2024-07-03 22:35:43,STOCK_OF_STONKS,11834998.76255319,11275427.78488372
2024-07-03 22:47:35,STOCK_OF_STONKS,11834998.723076925,11290752.496153845
2024-07-03 22:59:26,STOCK_OF_STONKS,11834998.912077297,11290755.754022988
2024-07-03 23:23:22,STOCK_OF_STONKS,11834998.892261906,11290759.281967215
2024-07-03 23:35:54,STOCK_OF_STONKS,11834998.6973545,11290758.255454544
2024-07-03 23:47:43,STOCK_OF_STONKS,11834998.34142857,11290760.457971014
2024-07-03 23:59:25,STOCK_OF_STONKS,11834998.656353591,11290762.354285713
2024-07-04 01:35:16,STOCK_OF_STONKS,11632582.97413793,11312443.55432099
2024-07-04 02:23:06,STOCK_OF_STONKS,11608761.6992126,11332410.427777778
2024-07-04 02:46:01,STOCK_OF_STONKS,11614040.329508197,11262100.98888889
2024-07-04 02:58:10,STOCK_OF_STONKS,11834998.7,11263304.209243698
2024-07-04 03:25:00,STOCK_OF_STONKS,11834998.403125,11262099.67
2024-07-04 03:39:21,STOCK_OF_STONKS,11825760.282233503,11288995.53275862
2024-07-04 03:51:16,STOCK_OF_STONKS,11827431.233513512,11288996.130645161
2024-07-04 04:12:50,STOCK_OF_STONKS,11828509.973033708,11288996.262745097
2024-07-04 04:30:49,STOCK_OF_STONKS,11824843.27253886,11320405.304285714
2024-07-04 04:42:29,STOCK_OF_STONKS,11823736.29108911,11338820.682142857
2024-07-04 04:54:38,STOCK_OF_STONKS,11825640.446524065,11355354.360377358
2024-07-04 05:17:20,STOCK_OF_STONKS,11824215.832828281,11338821.1859375
2024-07-04 05:32:26,STOCK_OF_STONKS,11803288.705128206,11351544.574137932
2024-07-04 05:44:08,STOCK_OF_STONKS,11803498.188181821,11361881.73238095
2024-07-04 05:56:09,STOCK_OF_STONKS,11769053.189189192,11365232.803296702
2024-07-04 06:27:46,STOCK_OF_STONKS,11808272.983756343,11350149.266666666
2024-07-04 06:42:33,STOCK_OF_STONKS,11710039.956910571,11322987.666176472
2024-07-04 06:54:18,STOCK_OF_STONKS,11783990.005381165,11338822.3
2024-07-04 07:16:44,STOCK_OF_STONKS,11828847.278181817,11353984.947945205
2024-07-04 07:28:24,STOCK_OF_STONKS,11826891.431073444,11361882.312328769
2024-07-04 07:40:30,STOCK_OF_STONKS,11799998.717741935,11361882.443396226
2024-07-04 07:52:31,STOCK_OF_STONKS,11805405.15691057,11361882.681666667
2024-07-04 08:17:21,STOCK_OF_STONKS,11830380.80486111,11361883.642105263
2024-07-04 08:33:48,STOCK_OF_STONKS,11820067.86146789,11424371.633333333
2024-07-04 08:46:01,STOCK_OF_STONKS,11818869.947926266,11429028.078260869
2024-07-04 08:58:14,STOCK_OF_STONKS,11818528.1280543,11424371.669620255
2024-07-04 09:24:55,STOCK_OF_STONKS,11821665.126984127,11486986.298333334
2024-07-04 09:37:23,STOCK_OF_STONKS,11821216.18134715,11542788.1
2024-07-04 09:49:09,STOCK_OF_STONKS,11834998.29787234,11542788.067213114
2024-07-04 10:07:31,STOCK_OF_STONKS,11834998.449586777,11554887.865625
2024-07-04 10:28:38,STOCK_OF_STONKS,11834999.598198198,11557399.914779875
2024-07-04 10:40:46,STOCK_OF_STONKS,11834999.610030394,11557399.969375001
2024-07-04 10:52:55,STOCK_OF_STONKS,11834999.666129032,11559224.846540881
2024-07-04 11:14:34,STOCK_OF_STONKS,11834999.682315111,11558021.47835821
2024-07-04 11:27:59,STOCK_OF_STONKS,11834999.666455695,11571825.424615383
2024-07-04 11:39:34,STOCK_OF_STONKS,11834999.72385965,11577486.360294119
2024-07-04 11:51:25,STOCK_OF_STONKS,11832798.799159663,11579998.31208791
2024-07-04 12:20:00,STOCK_OF_STONKS,11831064.928925619,11584468.112962961
2024-07-04 12:49:45,STOCK_OF_STONKS,11747636.857575756,11557694.010169491
2024-07-04 13:10:29,STOCK_OF_STONKS,11834999.761278197,11587922.067241378
2024-07-04 13:27:19,STOCK_OF_STONKS,11834999.782142859,11597202.577192985
2024-07-04 13:39:22,STOCK_OF_STONKS,11834999.8,11604830.868292684
2024-07-04 13:51:18,STOCK_OF_STONKS,11834999.8,11609993.808333334
2024-07-04 14:10:26,STOCK_OF_STONKS,11834999.799242426,11616919.215463918
2024-07-04 14:28:25,STOCK_OF_STONKS,11834999.8,11655190.047761193
2024-07-04 14:40:26,STOCK_OF_STONKS,11834999.770992368,11670361.173134329
2024-07-04 14:52:36,STOCK_OF_STONKS,11834999.79649123,11694827.629850747
2024-07-04 15:13:02,STOCK_OF_STONKS,11834999.612019232,11599059.228099173
2024-07-04 15:28:03,STOCK_OF_STONKS,11834999.667664671,11630940.527536232
2024-07-04 15:39:51,STOCK_OF_STONKS,11834999.678082192,11630941.198461538
2024-07-04 15:51:48,STOCK_OF_STONKS,11834999.572807018,11659250.757657656
2024-07-04 16:13:51,STOCK_OF_STONKS,11903822.136666667,11695983.204225352
2024-07-04 16:33:36,STOCK_OF_STONKS,11902547.370945947,11664773.132258065
2024-07-04 16:45:25,STOCK_OF_STONKS,11899758.838532109,11723677.67263158
2024-07-04 16:57:29,STOCK_OF_STONKS,11938706.170192305,11730290.5625
2024-07-04 17:19:34,STOCK_OF_STONKS,12059069.290797547,11751349.292771086
2024-07-04 17:31:35,STOCK_OF_STONKS,12001820.416190477,11765638.867142856
2024-07-04 17:43:38,STOCK_OF_STONKS,12063344.05,11823382.325609755
2024-07-04 17:55:46,STOCK_OF_STONKS,12499999.786597937,11782118.533673469
2024-07-04 18:25:05,STOCK_OF_STONKS,12499999.432258066,11887047.168235293
2024-07-04 18:39:48,STOCK_OF_STONKS,12499998.900000002,11925751.767368423
2024-07-04 18:51:40,STOCK_OF_STONKS,12499998.872786177,11930182.403773587
2024-07-04 19:09:49,STOCK_OF_STONKS,12499998.20886918,11915290.69174312
2024-07-04 19:21:49,STOCK_OF_STONKS,12499997.407773107,11972300.700000001
2024-07-04 19:35:32,STOCK_OF_STONKS,12499987.316190474,11960283.337974684
2024-07-04 19:47:29,STOCK_OF_STONKS,12499986.021333333,12000711.166666666
2024-07-04 19:59:29,STOCK_OF_STONKS,12499986.176119402,12013667.380373832
2024-07-04 20:21:27,STOCK_OF_STONKS,12499988.144262297,12047567.702222222
2024-07-04 20:34:06,STOCK_OF_STONKS,12499988.33539823,12058895.75
2024-07-04 20:46:10,STOCK_OF_STONKS,12499988.481451614,12070193.058064517
2024-07-04 20:58:04,STOCK_OF_STONKS,12484059.991911765,12070192.942201836
2024-07-04 21:19:04,STOCK_OF_STONKS,12418321.881132074,12005896.86849315
2024-07-04 21:31:28,STOCK_OF_STONKS,12413616.260946745,12013398.236000001
2024-07-04 21:43:20,STOCK_OF_STONKS,12479363.861240309,12042168.696000002
2024-07-04 21:55:26,STOCK_OF_STONKS,12477527.993233083,12052609.207894737
2024-07-04 22:17:42,STOCK_OF_STONKS,12492210.783809526,12062228.461538462
2024-07-04 22:32:11,STOCK_OF_STONKS,12482856.011888113,12062229.230238724
2024-07-04 22:43:59,STOCK_OF_STONKS,12499988.4792,12062231.046728974
2024-07-04 22:55:47,STOCK_OF_STONKS,12489565.513333334,12062231.433684211
2024-07-04 23:19:10,STOCK_OF_STONKS,12484913.321929825,12062231.581308411
2024-07-04 23:31:37,STOCK_OF_STONKS,12487197.423364485,12062232.258333331
2024-07-04 23:43:29,STOCK_OF_STONKS,12499988.520588236,12062233.672222223
2024-07-04 23:55:30,STOCK_OF_STONKS,12499997.118947368,12062235.367021276
2024-07-05 01:20:47,STOCK_OF_STONKS,12499994.649999999,12084123.549999999
2024-07-05 02:11:05,STOCK_OF_STONKS,12499998.79447514,12200002.98
2024-07-05 02:41:11,STOCK_OF_STONKS,12499998.513513513,12120002.332967032
2024-07-05 02:53:03,STOCK_OF_STONKS,12499995.7,12120002.63030303
2024-07-05 03:15:22,STOCK_OF_STONKS,12499995.7,12120003.620652173
2024-07-05 03:30:31,STOCK_OF_STONKS,12499995.599669239,12126409.203370787
2024-07-05 03:42:18,STOCK_OF_STONKS,12499995.597582417,12120004.052173913
2024-07-05 03:54:27,STOCK_OF_STONKS,12499994.68095238,12114950.85
2024-07-05 04:21:14,STOCK_OF_STONKS,12499995.496806387,12062231.893181818
2024-07-05 04:38:14,STOCK_OF_STONKS,12499995.580756756,12062235.798999999
2024-07-05 04:50:12,STOCK_OF_STONKS,12499995.597514793,12079248.151785715
2024-07-05 05:08:58,STOCK_OF_STONKS,12499995.590697674,12103289.032291666
2024-07-05 05:27:52,STOCK_OF_STONKS,12499995.599044206,12174067.307758618
2024-07-05 05:39:51,STOCK_OF_STONKS,12499995.183333332,12104919.160227273
2024-07-05 05:51:37,STOCK_OF_STONKS,12499995.2,12104919.296226416
2024-07-05 06:16:40,STOCK_OF_STONKS,12499994.660465118,12124673.753398057
2024-07-05 06:37:34,STOCK_OF_STONKS,12499994.631896552,12124674.465263158
2024-07-05 06:49:20,STOCK_OF_STONKS,12499995.066391185,12124675.391111111
2024-07-05 07:07:13,STOCK_OF_STONKS,12499995.072144846,12124675.06837607
2024-07-05 07:22:30,STOCK_OF_STONKS,12499995.2,12168455.11724138
2024-07-05 07:35:17,STOCK_OF_STONKS,12499995.196296295,12234504.84869565
2024-07-05 07:47:20,STOCK_OF_STONKS,12499995.2,12244545.0112
2024-07-05 07:59:22,STOCK_OF_STONKS,12499995.132701421,12144000.12868217
2024-07-05 08:25:34,STOCK_OF_STONKS,12499995.18551724,12144001.705590062
2024-07-05 08:39:38,STOCK_OF_STONKS,12499995.19285714,12144001.846396394
2024-07-05 08:51:50,STOCK_OF_STONKS,12499995.196747966,12144002.9
2024-07-05 09:13:55,STOCK_OF_STONKS,12499995.194262296,12161803.346835442
2024-07-05 09:29:43,STOCK_OF_STONKS,12499995.154494382,12161803.400884956
2024-07-05 09:41:30,STOCK_OF_STONKS,12499995.07797619,12161803.458590308
2024-07-05 09:53:30,STOCK_OF_STONKS,12499994.682300884,12161803.656722687
2024-07-05 10:16:07,STOCK_OF_STONKS,12499995.56391639,12161806.62080925
2024-07-05 10:33:32,STOCK_OF_STONKS,12499995.577283103,12063709.891438356
2024-07-05 10:45:21,STOCK_OF_STONKS,12499995.59384422,12062229.265587045
2024-07-05 10:57:21,STOCK_OF_STONKS,12499995.499159664,12110623.041406251
2024-07-05 11:17:31,STOCK_OF_STONKS,12499995.20140845,12108777.695652174
2024-07-05 11:29:10,STOCK_OF_STONKS,12499994.867582416,12124668.018627452
2024-07-05 11:41:03,STOCK_OF_STONKS,12499994.666497463,12124668.445054945
2024-07-05 11:53:06,STOCK_OF_STONKS,12499995.2,12138634.784558823
2024-07-05 12:26:21,STOCK_OF_STONKS,12497933.199224807,12172403.13097345
2024-07-05 12:53:04,STOCK_OF_STONKS,12491128.26909091,11799880.95952381
2024-07-05 13:15:44,STOCK_OF_STONKS,12456226.073873874,11897564.357317073
2024-07-05 13:28:44,STOCK_OF_STONKS,12465396.013392856,11913627.28625
2024-07-05 13:40:59,STOCK_OF_STONKS,12466739.821052631,11913627.779674798
2024-07-05 13:53:10,STOCK_OF_STONKS,12466740.089051096,11956674.667142859
2024-07-05 14:13:51,STOCK_OF_STONKS,12466209.89162011,11992519.512931034
2024-07-05 14:30:16,STOCK_OF_STONKS,12466740.275,12004377.575000001
2024-07-05 14:42:14,STOCK_OF_STONKS,12485901.903809525,12013666.397959184
2024-07-05 14:54:27,STOCK_OF_STONKS,12491889.918125,12059621.09010989
2024-07-05 15:17:59,STOCK_OF_STONKS,12499995.286029413,12014401.963114753
2024-07-05 15:29:58,STOCK_OF_STONKS,8211309.979012345,7000000.116190475
2024-07-05 15:42:06,STOCK_OF_STONKS,8885094.801960783,8423929.185106384
2024-07-05 15:54:23,STOCK_OF_STONKS,8799994.853658536,7727479.17311828
2024-07-05 16:19:56,STOCK_OF_STONKS,5771019.252083333,4505895.126404494
2024-07-05 16:37:04,STOCK_OF_STONKS,7998884.073298429,7590000.568472907
2024-07-05 16:49:07,STOCK_OF_STONKS,7349537.711926605,5401542.978623188
2024-07-05 17:04:48,STOCK_OF_STONKS,6995312.49609375,5798033.003159173
2024-07-05 17:26:17,STOCK_OF_STONKS,5784637.344897959,4860002.084984025
2024-07-05 17:38:14,STOCK_OF_STONKS,5726997.8,4979304.673274337
2024-07-05 17:50:15,STOCK_OF_STONKS,5473938.407103825,4515013.048263254
2024-07-05 18:11:49,STOCK_OF_STONKS,6123160.672413793,5229215.084087102
2024-07-05 18:32:34,STOCK_OF_STONKS,5899996.209569378,5333625.71586758
2024-07-05 18:44:25,STOCK_OF_STONKS,5896778.30505618,5423782.147391304
2024-07-05 18:56:31,STOCK_OF_STONKS,5918726.434586465,5437287.677177177
2024-07-05 19:15:14,STOCK_OF_STONKS,6217035.176410258,5722969.4110277565
2024-07-05 19:27:12,STOCK_OF_STONKS,6343275.402836879,5798820.253615279
2024-07-05 19:39:01,STOCK_OF_STONKS,6653954.167692306,5977536.276692708
2024-07-05 19:51:12,STOCK_OF_STONKS,6999473.628947368,5928953.737866666
2024-07-05 20:12:24,STOCK_OF_STONKS,6952563.270886076,5708741.50012195
2024-07-05 20:27:22,STOCK_OF_STONKS,6766760.779200002,5868899.722530009
2024-07-05 20:39:16,STOCK_OF_STONKS,6941449.800763358,5892796.098675496
2024-07-05 20:51:07,STOCK_OF_STONKS,6968483.562601627,5884611.057172131
2024-07-05 21:10:35,STOCK_OF_STONKS,6975968.002542373,5887849.047298787
2024-07-05 21:24:46,STOCK_OF_STONKS,6739062.532061069,5737590.674801061
2024-07-05 21:37:58,STOCK_OF_STONKS,6676997.614728683,5724427.590715883
2024-07-05 21:49:36,STOCK_OF_STONKS,6424586.096992481,5741182.001150527
2024-07-05 22:08:13,STOCK_OF_STONKS,6563124.434453782,5988259.006148054
2024-07-05 22:28:33,STOCK_OF_STONKS,6138812.647967479,5733052.053259668
2024-07-05 22:40:32,STOCK_OF_STONKS,6640982.615126051,5754987.730738916
2024-07-05 22:52:31,STOCK_OF_STONKS,6322188.397619049,5761838.893485341
2024-07-05 23:13:19,STOCK_OF_STONKS,6677210.285483871,5778420.368290155
2024-07-05 23:26:29,STOCK_OF_STONKS,6599997.059602648,5862041.388097234
2024-07-05 23:40:17,STOCK_OF_STONKS,6554908.712987013,5826568.969798658
2024-07-05 23:52:35,STOCK_OF_STONKS,6554907.475193799,5806058.419528301
2024-07-06 00:58:09,STOCK_OF_STONKS,6402124.526174497,5882290.838884331
2024-07-06 02:01:38,STOCK_OF_STONKS,6320997.168333335,5865951.495426561
2024-07-06 02:34:20,STOCK_OF_STONKS,6599998.9941176465,5751612.297711442
2024-07-06 02:47:52,STOCK_OF_STONKS,6417025.52826087,5696277.894932432
2024-07-06 02:59:36,STOCK_OF_STONKS,6368647.43888889,5693074.713241526
2024-07-06 03:24:55,STOCK_OF_STONKS,5756288.497945205,5245042.614285714
2024-07-06 03:37:56,STOCK_OF_STONKS,5858393.570072993,5474822.64776675
2024-07-06 03:50:07,STOCK_OF_STONKS,5731852.489436622,5444086.09411043
2024-07-06 04:10:57,STOCK_OF_STONKS,6140487.375396825,5468715.915609137
2024-07-06 04:30:29,STOCK_OF_STONKS,5781131.5690476205,5176877.76319896
2024-07-06 04:42:23,STOCK_OF_STONKS,5768837.245801528,5248684.042041712
2024-07-06 04:54:38,STOCK_OF_STONKS,5669339.05116279,5211410.03002451
2024-07-06 05:15:45,STOCK_OF_STONKS,6055691.79606987,5219734.363625304
2024-07-06 05:29:56,STOCK_OF_STONKS,5894708.335483872,5155700.983333332
2024-07-06 05:41:59,STOCK_OF_STONKS,6119417.176271187,5220450.874534162
2024-07-06 05:53:44,STOCK_OF_STONKS,6027795.88463357,5233398.108595641
2024-07-06 06:19:19,STOCK_OF_STONKS,5848559.774637681,5031093.760204081
2024-07-06 06:35:44,STOCK_OF_STONKS,5886176.958333333,5128593.30994898
2024-07-06 06:47:54,STOCK_OF_STONKS,5799066.239416059,5209525.867123288
2024-07-06 06:59:56,STOCK_OF_STONKS,5634791.565137614,5316144.776074331
2024-07-06 07:19:52,STOCK_OF_STONKS,5631251.216393442,5225038.615316455
2024-07-06 07:32:06,STOCK_OF_STONKS,5626762.559313725,5187018.1642392725
2024-07-06 07:43:49,STOCK_OF_STONKS,5627931.762436547,4842402.122155689
2024-07-06 07:55:56,STOCK_OF_STONKS,5561333.382008368,4858874.363217098
2024-07-06 08:23:56,STOCK_OF_STONKS,5255316.55214724,5030370.504792746
2024-07-06 08:37:35,STOCK_OF_STONKS,5263124.629285715,4985630.086427657
2024-07-06 08:49:44,STOCK_OF_STONKS,5366742.955395682,4854487.864337349
2024-07-06 09:09:00,STOCK_OF_STONKS,5483267.279310344,5027190.64448575
2024-07-06 09:27:04,STOCK_OF_STONKS,5624990.407299271,5038799.013720931
2024-07-06 09:38:50,STOCK_OF_STONKS,5447005.707878788,5034694.394778326
2024-07-06 09:51:02,STOCK_OF_STONKS,5515884.855307263,5104776.175374731
2024-07-06 10:10:00,STOCK_OF_STONKS,5240935.954166665,4994084.156419753
2024-07-06 10:29:16,STOCK_OF_STONKS,5257653.417857143,5020260.889311164
2024-07-06 10:40:54,STOCK_OF_STONKS,5325004.400714286,5023663.617982989
2024-07-06 10:53:00,STOCK_OF_STONKS,5225046.448591548,5011939.309517766
2024-07-06 11:11:12,STOCK_OF_STONKS,5123474.091823899,4992813.8285356695
2024-07-06 11:22:59,STOCK_OF_STONKS,5192313.700689656,4863910.23302217
2024-07-06 11:36:26,STOCK_OF_STONKS,5344945.0,4861272.626619552
2024-07-06 11:48:22,STOCK_OF_STONKS,5493848.083236995,5061412.969130435
2024-07-06 12:00:08,STOCK_OF_STONKS,5499463.8573770495,5103067.491820279
2024-07-06 12:37:14,STOCK_OF_STONKS,5329078.813834519,5106212.455118111
2024-07-06 12:56:17,STOCK_OF_STONKS,5235627.3,5068502.123921972
2024-07-06 13:19:35,STOCK_OF_STONKS,5235308.273100937,5076445.022607781
2024-07-06 13:31:37,STOCK_OF_STONKS,5235627.295979021,5054697.94905897
2024-07-06 13:44:09,STOCK_OF_STONKS,4936660.58063063,4611181.545346062
2024-07-06 13:55:54,STOCK_OF_STONKS,4607574.6870229,4079662.3585730726
2024-07-06 14:16:09,STOCK_OF_STONKS,4762571.326315789,4322385.251648352
2024-07-06 14:28:57,STOCK_OF_STONKS,4564075.601075268,4198696.582638106
2024-07-06 14:41:00,STOCK_OF_STONKS,4555809.152475248,4211334.933552632
2024-07-06 14:53:05,STOCK_OF_STONKS,4586707.384574468,4230374.7283231085
2024-07-06 15:14:12,STOCK_OF_STONKS,4521721.040196079,4031044.48916129
2024-07-06 15:28:43,STOCK_OF_STONKS,4462911.856842106,4095708.189013732
2024-07-06 15:40:42,STOCK_OF_STONKS,4340946.746534653,4069177.41620603
2024-07-06 15:52:41,STOCK_OF_STONKS,4334603.130434783,4045125.743663739
2024-07-06 16:15:03,STOCK_OF_STONKS,4652327.116939891,4132715.0536945816
2024-07-06 16:34:46,STOCK_OF_STONKS,4748911.204864865,4243675.274488568
2024-07-06 16:46:54,STOCK_OF_STONKS,4866095.527192983,4278826.726215645
2024-07-06 16:58:57,STOCK_OF_STONKS,4773053.245273632,4388782.269942197
2024-07-06 17:18:41,STOCK_OF_STONKS,4675446.003703704,4237184.24857745
2024-07-06 17:30:38,STOCK_OF_STONKS,4680944.63990148,4406594.748448449
2024-07-06 17:42:50,STOCK_OF_STONKS,4665493.881250001,4326489.393532339
2024-07-06 17:54:36,STOCK_OF_STONKS,4667930.681182796,4244193.019202518
2024-07-06 18:20:46,STOCK_OF_STONKS,4603641.099378882,4252780.016494846
2024-07-06 18:35:10,STOCK_OF_STONKS,4575549.479716982,4235833.840816326
2024-07-06 18:47:07,STOCK_OF_STONKS,4530777.093421053,4002000.9169665813
2024-07-06 18:59:14,STOCK_OF_STONKS,4476069.0793103445,4025332.4224274405
2024-07-06 19:16:33,STOCK_OF_STONKS,4355075.117557253,4044026.89105691
2024-07-06 19:28:23,STOCK_OF_STONKS,4261991.344277108,4107858.8989795917
2024-07-06 19:40:18,STOCK_OF_STONKS,4261918.322147651,4121747.443466299
2024-07-06 19:52:28,STOCK_OF_STONKS,4292391.690070922,4063708.694698795
2024-07-06 20:13:06,STOCK_OF_STONKS,4484997.498795181,4143979.2375168684
2024-07-06 20:26:32,STOCK_OF_STONKS,4598941.306849316,4114925.78252551
2024-07-06 20:39:28,STOCK_OF_STONKS,4198998.068571429,4029862.3112790696
2024-07-06 20:51:30,STOCK_OF_STONKS,4159503.6702380953,4034870.203091398
2024-07-06 21:11:19,STOCK_OF_STONKS,4162447.4394557835,4052045.2726562493
2024-07-06 21:25:32,STOCK_OF_STONKS,4598572.518589743,3956325.7153748414
2024-07-06 21:37:34,STOCK_OF_STONKS,4464364.766346155,4029759.036906377
2024-07-06 21:49:41,STOCK_OF_STONKS,4397541.0542857135,4058535.681151832
2024-07-06 22:07:04,STOCK_OF_STONKS,4397539.2551470585,4074973.4934911244
2024-07-06 22:27:30,STOCK_OF_STONKS,4527807.92875,4087177.3067853167
2024-07-06 22:39:33,STOCK_OF_STONKS,4427744.79941691,4121021.5255696205
2024-07-06 22:51:51,STOCK_OF_STONKS,4414996.914361701,4122872.16975547
2024-07-06 23:10:40,STOCK_OF_STONKS,4413642.879347825,4142225.8312386163
2024-07-06 23:24:08,STOCK_OF_STONKS,4309562.007272728,4138487.167003027
2024-07-06 23:38:41,STOCK_OF_STONKS,4404874.509952607,4139133.5406126482
2024-07-06 23:50:52,STOCK_OF_STONKS,4395141.905487805,4144650.714298246
2024-07-07 00:51:53,STOCK_OF_STONKS,3920814.423943662,3536204.480600462
2024-07-07 02:04:54,STOCK_OF_STONKS,3795033.886764705,3192550.03041289
2024-07-07 02:41:17,STOCK_OF_STONKS,3871893.4506666674,3286604.754133334
2024-07-07 02:53:01,STOCK_OF_STONKS,3827318.023021582,3527251.7982539674
2024-07-07 03:16:36,STOCK_OF_STONKS,3599984.7856733524,3372734.5655893534
2024-07-07 03:31:19,STOCK_OF_STONKS,3701570.7269607848,3415576.5883392226
2024-07-07 03:43:17,STOCK_OF_STONKS,3599996.5589473685,3513204.358333333
2024-07-07 03:55:14,STOCK_OF_STONKS,3727377.6329113925,3430529.8025684934
2024-07-07 04:20:14,STOCK_OF_STONKS,3810231.9569343063,3546788.3571698116
2024-07-07 04:33:59,STOCK_OF_STONKS,4116324.8781954884,3569820.8958171206
2024-07-07 04:45:56,STOCK_OF_STONKS,4113171.2765517253,3598426.52726441
2024-07-07 04:58:01,STOCK_OF_STONKS,4199842.0,3604736.5172972973
2024-07-07 05:23:24,STOCK_OF_STONKS,4194241.545789474,3630156.5770491804
2024-07-07 05:36:55,STOCK_OF_STONKS,4032988.6,3630151.230667766
2024-07-07 05:48:59,STOCK_OF_STONKS,4024352.5425837324,3615890.6299488056
2024-07-07 06:09:34,STOCK_OF_STONKS,4033934.2258064523,3623905.7829526914
2024-07-07 06:32:01,STOCK_OF_STONKS,4024664.203404255,3644020.4587920494
2024-07-07 06:44:09,STOCK_OF_STONKS,4018945.461744966,3794868.7689430886
2024-07-07 06:56:16,STOCK_OF_STONKS,4032985.899145299,3641271.8312548115
2024-07-07 07:17:53,STOCK_OF_STONKS,4199842.0,3822438.017487267
2024-07-07 07:29:57,STOCK_OF_STONKS,4194952.209322034,3828482.4757825374
2024-07-07 07:42:05,STOCK_OF_STONKS,4198606.6572580645,3834169.8978476822
2024-07-07 07:54:09,STOCK_OF_STONKS,4263235.934545455,3837959.4430577224
2024-07-07 08:18:28,STOCK_OF_STONKS,4053151.8441441446,3838277.312773109
2024-07-07 08:31:29,STOCK_OF_STONKS,4298053.044144144,3837095.5321608046
2024-07-07 08:43:31,STOCK_OF_STONKS,4046462.804437869,3831444.9142622957
2024-07-07 08:55:26,STOCK_OF_STONKS,3909405.275229358,3641880.219262982
2024-07-07 09:19:28,STOCK_OF_STONKS,4200714.721904762,3831364.6391719747
2024-07-07 09:32:52,STOCK_OF_STONKS,3915316.890654206,3631288.8920360114
2024-07-07 09:44:40,STOCK_OF_STONKS,3890142.6168224304,3617035.4867210686
2024-07-07 09:56:38,STOCK_OF_STONKS,3931785.786538461,3601053.4472509963
2024-07-07 10:19:40,STOCK_OF_STONKS,3541829.6888888897,3276617.2749640285
2024-07-07 10:32:21,STOCK_OF_STONKS,3595759.4796923078,3385003.2459668503
2024-07-07 10:44:08,STOCK_OF_STONKS,3482482.225170068,3301181.0365044246
2024-07-07 10:55:55,STOCK_OF_STONKS,3532414.59047619,3268319.3191406257
2024-07-07 11:17:12,STOCK_OF_STONKS,3415059.9984962414,3161784.7526497697
2024-07-07 11:28:57,STOCK_OF_STONKS,3445630.529670329,3250958.5447409735
2024-07-07 11:40:43,STOCK_OF_STONKS,3460280.3693251535,3263190.966712142
2024-07-07 11:52:59,STOCK_OF_STONKS,3469028.7561797756,3280396.323978202
2024-07-07 12:24:58,STOCK_OF_STONKS,3663846.4040650404,3479137.4860026916
2024-07-07 12:50:07,STOCK_OF_STONKS,3708504.400840336,3415669.103855721
2024-07-07 13:08:39,STOCK_OF_STONKS,3811222.1081632655,3383447.754428755
2024-07-07 13:24:25,STOCK_OF_STONKS,3745932.6142857145,3451245.1578371804
2024-07-07 13:36:22,STOCK_OF_STONKS,3741843.9293577983,3431923.5165980794
2024-07-07 13:48:31,STOCK_OF_STONKS,3726174.3293577973,3396828.576506764
2024-07-07 14:00:30,STOCK_OF_STONKS,3759045.004225352,3326480.388917862
2024-07-07 14:20:53,STOCK_OF_STONKS,3727136.7705882355,3436982.588563049
2024-07-07 14:33:08,STOCK_OF_STONKS,3745591.9584158417,3471175.2205097084
2024-07-07 14:45:15,STOCK_OF_STONKS,3692417.038095238,3489401.421540656
2024-07-07 14:57:03,STOCK_OF_STONKS,3657576.2809523805,3510909.165
2024-07-07 15:21:05,STOCK_OF_STONKS,3625429.7745283027,3504662.854964029
2024-07-07 15:33:23,STOCK_OF_STONKS,3654083.8894230775,3527938.468337731
2024-07-07 15:45:40,STOCK_OF_STONKS,3646348.9457142865,3553732.0571240103
2024-07-07 15:57:49,STOCK_OF_STONKS,3665415.5317307687,3531671.3567351596
2024-07-07 16:23:52,STOCK_OF_STONKS,3739995.1118918923,3544483.391431792
2024-07-07 16:37:48,STOCK_OF_STONKS,3915869.2861386137,3608051.0677685947
2024-07-07 16:49:35,STOCK_OF_STONKS,3941811.0225806455,3627342.9966712897
2024-07-07 17:07:29,STOCK_OF_STONKS,3842332.3858490568,3630208.141239892
2024-07-07 17:27:05,STOCK_OF_STONKS,3776820.681443299,3604259.628961039
2024-07-07 17:38:51,STOCK_OF_STONKS,4016663.941111111,3650756.835769231
2024-07-07 17:50:42,STOCK_OF_STONKS,4096874.7541666664,3660009.4335877863
2024-07-07 18:11:54,STOCK_OF_STONKS,4098662.332631579,3787171.5874677007
2024-07-07 18:30:57,STOCK_OF_STONKS,4043731.5866666664,3841636.425066313
2024-07-07 18:42:48,STOCK_OF_STONKS,4009118.261946902,3793945.9810738256
2024-07-07 18:54:50,STOCK_OF_STONKS,4084634.4902912625,3814800.106578948
2024-07-07 19:13:43,STOCK_OF_STONKS,4071208.109836065,3950199.4865482235
2024-07-07 19:25:43,STOCK_OF_STONKS,4129649.050561798,3954941.4491071426
2024-07-07 19:38:06,STOCK_OF_STONKS,4437573.9031578945,3963396.2883802815
2024-07-07 19:50:00,STOCK_OF_STONKS,4499999.625742575,4064891.988249694
2024-07-07 20:08:01,STOCK_OF_STONKS,4474145.142857143,4255474.326851852
2024-07-07 20:24:02,STOCK_OF_STONKS,4299998.282608695,4027700.6155444128
2024-07-07 20:36:15,STOCK_OF_STONKS,4130405.909722222,3634174.641290322
2024-07-07 20:48:27,STOCK_OF_STONKS,4045283.846153846,3906849.534727627
2024-07-07 21:00:48,STOCK_OF_STONKS,4176244.6175925923,3905863.815124378
2024-07-07 21:21:37,STOCK_OF_STONKS,4038169.5360360364,3897698.1119922632
2024-07-07 21:35:25,STOCK_OF_STONKS,4111690.505769231,3919748.100655431
2024-07-07 21:47:31,STOCK_OF_STONKS,4112061.388148148,3923570.778051002
2024-07-07 21:59:32,STOCK_OF_STONKS,4176240.46126126,3928516.7021486126
2024-07-07 22:22:39,STOCK_OF_STONKS,4165798.550862069,3961401.8625912406
2024-07-07 22:35:22,STOCK_OF_STONKS,4094783.08,3937859.2744699647
2024-07-07 22:47:28,STOCK_OF_STONKS,4051542.3803418805,3964070.1038019448
2024-07-07 22:59:13,STOCK_OF_STONKS,4058840.934782609,3991002.0395225463
2024-07-07 23:21:40,STOCK_OF_STONKS,4178924.949586777,4007911.943259912
2024-07-07 23:35:00,STOCK_OF_STONKS,4281692.088679245,4008129.7334636436
2024-07-07 23:47:07,STOCK_OF_STONKS,4208028.19072165,4015105.5419249604
2024-07-07 23:58:48,STOCK_OF_STONKS,4399999.996943232,4037803.684970612
2024-07-08 01:37:39,STOCK_OF_STONKS,4489996.287058824,4108843.4449768164
2024-07-08 02:25:27,STOCK_OF_STONKS,4812577.988725491,4125593.1545640333
2024-07-08 02:48:37,STOCK_OF_STONKS,5092842.585526316,4280891.471452514
2024-07-08 03:07:17,STOCK_OF_STONKS,4969064.445121952,4238401.132832498
2024-07-08 03:29:22,STOCK_OF_STONKS,5045121.856976744,4226016.0677506775
2024-07-08 03:41:26,STOCK_OF_STONKS,5167348.873239436,4272423.972932717
2024-07-08 03:53:25,STOCK_OF_STONKS,5195318.277868852,4311060.008805032
2024-07-08 04:18:41,STOCK_OF_STONKS,4999233.781578948,4321004.9774332065
2024-07-08 04:35:10,STOCK_OF_STONKS,4964256.706329115,4273418.892095869
2024-07-08 04:47:21,STOCK_OF_STONKS,4963562.842682926,4244410.185210891
2024-07-08 04:59:14,STOCK_OF_STONKS,4957870.886585366,4215842.582162765
2024-07-08 05:24:29,STOCK_OF_STONKS,4900892.572151898,4201549.446193182
2024-07-08 05:38:12,STOCK_OF_STONKS,4880973.338709678,4214356.0294936
2024-07-08 05:50:20,STOCK_OF_STONKS,4873107.4439024385,4227381.930527211
2024-07-08 06:13:54,STOCK_OF_STONKS,4850653.265432099,4102573.555583756
2024-07-08 06:36:25,STOCK_OF_STONKS,4856097.598095239,4136563.709469697
2024-07-08 06:48:34,STOCK_OF_STONKS,4692346.490123457,3917363.464145847
2024-07-08 07:00:43,STOCK_OF_STONKS,4263054.087628866,4082339.7275750213
2024-07-08 07:21:10,STOCK_OF_STONKS,4442856.738518518,4063509.872482157
2024-07-08 07:34:46,STOCK_OF_STONKS,4416815.192198582,4076117.521202531
2024-07-08 07:46:21,STOCK_OF_STONKS,4355250.256491228,4064608.012222222
2024-07-08 07:58:25,STOCK_OF_STONKS,4388206.506611571,4076210.1720707444
2024-07-08 08:26:49,STOCK_OF_STONKS,4426360.86124031,4112067.9712840454
2024-07-08 08:41:38,STOCK_OF_STONKS,4252163.543801652,4106677.8798642526
2024-07-08 08:53:39,STOCK_OF_STONKS,4330743.724576271,4097342.5625270754
2024-07-08 09:17:12,STOCK_OF_STONKS,4357413.381632652,4152366.1707575764
2024-07-08 09:30:17,STOCK_OF_STONKS,4374032.729936305,4160287.4891891894
2024-07-08 09:42:17,STOCK_OF_STONKS,4374600.634126984,4156514.959314457
2024-07-08 09:54:19,STOCK_OF_STONKS,4419644.988888889,4147678.6507834764
2024-07-08 10:18:04,STOCK_OF_STONKS,4540376.578455285,4167742.3241911777
2024-07-08 10:35:33,STOCK_OF_STONKS,4430995.882258065,4170994.1084648506
2024-07-08 10:47:31,STOCK_OF_STONKS,4523488.088059702,4195172.260837272
2024-07-08 10:59:48,STOCK_OF_STONKS,4410583.714754098,4207898.248778833
2024-07-08 11:18:59,STOCK_OF_STONKS,4492301.99,4241950.962097328
2024-07-08 11:31:14,STOCK_OF_STONKS,4426927.657983193,4242278.263509935
2024-07-08 11:43:13,STOCK_OF_STONKS,4403518.084745762,4231794.005666898
2024-07-08 11:55:21,STOCK_OF_STONKS,4519016.1425,4233008.841792067
2024-07-08 12:35:49,STOCK_OF_STONKS,4472277.746825396,4247485.368960954
2024-07-08 12:56:56,STOCK_OF_STONKS,4483194.635664336,4203086.4519348275
2024-07-08 13:24:42,STOCK_OF_STONKS,4361312.838513513,4181811.0274415403
2024-07-08 13:37:31,STOCK_OF_STONKS,4419552.168965517,4148242.1878767125
2024-07-08 13:49:33,STOCK_OF_STONKS,4482475.523728813,4175863.770576271
2024-07-08 14:08:10,STOCK_OF_STONKS,4339072.543902439,4060327.9646131806
2024-07-08 14:29:51,STOCK_OF_STONKS,4330674.0260162605,4092120.747956989
2024-07-08 14:41:44,STOCK_OF_STONKS,4306944.482539682,4079850.342172284
2024-07-08 14:53:45,STOCK_OF_STONKS,4401007.925203252,4085016.6484513273
2024-07-08 15:16:27,STOCK_OF_STONKS,4422073.799145299,4243277.283587785
2024-07-08 15:29:50,STOCK_OF_STONKS,4361371.544262295,4232854.3203012915
2024-07-08 15:41:58,STOCK_OF_STONKS,4394040.148051948,4233930.439055223
2024-07-08 15:54:08,STOCK_OF_STONKS,4442575.652037618,4242396.222724296
2024-07-08 16:20:24,STOCK_OF_STONKS,4406162.107692308,4241013.930904184
2024-07-08 16:38:15,STOCK_OF_STONKS,4374787.966949151,4229083.760028348
2024-07-08 16:49:57,STOCK_OF_STONKS,4388867.350413223,4229509.0873125
2024-07-08 17:07:37,STOCK_OF_STONKS,4376115.71589404,4210706.3309941515
2024-07-08 17:27:10,STOCK_OF_STONKS,4239037.530322581,4072392.097287736
2024-07-08 17:39:13,STOCK_OF_STONKS,4332740.278321678,4055926.4244921645
2024-07-08 17:51:17,STOCK_OF_STONKS,4269322.990196078,4073738.1701408452
2024-07-08 18:14:26,STOCK_OF_STONKS,4312495.113253012,4084554.7280246913
2024-07-08 18:34:20,STOCK_OF_STONKS,4272749.509444444,4123882.822972136
2024-07-08 18:46:24,STOCK_OF_STONKS,4243137.338922156,4086620.070419162
2024-07-08 18:58:32,STOCK_OF_STONKS,4241040.938853503,4086981.1752608963
2024-07-08 19:16:19,STOCK_OF_STONKS,4239750.702040817,4061782.5497811134
2024-07-08 19:28:36,STOCK_OF_STONKS,4221474.184353742,4068227.1451040395
2024-07-08 19:40:11,STOCK_OF_STONKS,4316488.961428571,4106450.30351538
2024-07-08 19:52:12,STOCK_OF_STONKS,4293907.758620691,4104930.186967741
2024-07-08 20:14:12,STOCK_OF_STONKS,4452310.199999999,4185142.7155427104
2024-07-08 20:28:51,STOCK_OF_STONKS,4471989.402222222,4235557.5424649175
2024-07-08 20:40:43,STOCK_OF_STONKS,4488498.269230769,4250601.16169573
2024-07-08 20:52:54,STOCK_OF_STONKS,4452575.372560976,4270531.529749542
2024-07-08 21:14:01,STOCK_OF_STONKS,4416583.238823528,4226344.098765431
2024-07-08 21:27:45,STOCK_OF_STONKS,4468965.592307692,4222691.973461321
2024-07-08 21:39:31,STOCK_OF_STONKS,4405086.40397351,4266891.721606814
2024-07-08 21:51:24,STOCK_OF_STONKS,4405372.995833334,4255390.345619334
2024-07-08 22:11:05,STOCK_OF_STONKS,4405373.126865672,4258322.9692078605
2024-07-08 22:29:31,STOCK_OF_STONKS,4403404.19627907,4236473.483640188
2024-07-08 22:41:27,STOCK_OF_STONKS,4475976.752517986,4237813.111585043
2024-07-08 22:53:28,STOCK_OF_STONKS,4462162.85,4302760.546019756
2024-07-08 23:14:31,STOCK_OF_STONKS,4449222.779464286,4294262.097845804
2024-07-08 23:26:48,STOCK_OF_STONKS,4458220.20078125,4304420.2689982215
2024-07-08 23:39:01,STOCK_OF_STONKS,4457392.822077922,4312340.297883598
2024-07-08 23:50:51,STOCK_OF_STONKS,4462162.803947369,4319789.044152882
2024-07-09 00:46:31,STOCK_OF_STONKS,4442162.962601625,4328017.535164836
2024-07-09 01:55:24,STOCK_OF_STONKS,4426776.429655172,4326280.446898552
2024-07-09 02:35:45,STOCK_OF_STONKS,4524521.1375,4318386.041099773
2024-07-09 02:50:35,STOCK_OF_STONKS,4504999.366814159,4321713.745030204
2024-07-09 03:11:45,STOCK_OF_STONKS,4418521.394666665,4311438.805633017
2024-07-09 03:30:16,STOCK_OF_STONKS,4415494.6735042725,4316108.441173305
2024-07-09 03:42:07,STOCK_OF_STONKS,4303868.195588236,4081339.1551869162
2024-07-09 03:54:05,STOCK_OF_STONKS,4265685.359440559,4097192.0580407456
2024-07-09 04:18:34,STOCK_OF_STONKS,4293115.2864661645,4102141.9791722298
2024-07-09 04:33:15,STOCK_OF_STONKS,4299998.531972788,4099459.4476497695
2024-07-09 04:45:19,STOCK_OF_STONKS,4334267.807874015,4109211.5998753114
2024-07-09 04:57:13,STOCK_OF_STONKS,4367407.953488372,4113976.029098361
2024-07-09 05:21:42,STOCK_OF_STONKS,4376094.616129031,4195373.283985201
2024-07-09 05:35:31,STOCK_OF_STONKS,4485236.891891892,4117839.790686275
2024-07-09 05:47:25,STOCK_OF_STONKS,4484991.337078651,4129062.2629283494
2024-07-09 05:59:35,STOCK_OF_STONKS,4480716.590540541,4200701.862384323
2024-07-09 06:46:44,STOCK_OF_STONKS,4381974.6280000005,4126374.811236443
2024-07-09 06:58:35,STOCK_OF_STONKS,4358143.8210810805,4098045.219568823
2024-07-09 07:19:21,STOCK_OF_STONKS,4272322.966101696,4016074.4413606264
2024-07-09 07:31:57,STOCK_OF_STONKS,4314988.769918699,4027670.497629548
2024-07-09 07:44:03,STOCK_OF_STONKS,4332984.239130435,4035172.4071027087
2024-07-09 07:56:13,STOCK_OF_STONKS,4316216.444827586,4069900.57502924
2024-07-09 08:24:49,STOCK_OF_STONKS,4382309.841025641,4043710.1693023257
2024-07-09 08:40:04,STOCK_OF_STONKS,4361313.012396694,4064937.950240001
2024-07-09 08:51:54,STOCK_OF_STONKS,4367729.030434783,4086231.8104382926
2024-07-09 09:12:44,STOCK_OF_STONKS,4434607.253691275,4106599.036215415
2024-07-09 09:26:28,STOCK_OF_STONKS,4382924.936134454,4103446.0322874496
2024-07-09 09:39:54,STOCK_OF_STONKS,4375035.770895522,4083339.684169454
2024-07-09 09:51:49,STOCK_OF_STONKS,4335828.216239315,4085583.891363416
2024-07-09 10:12:56,STOCK_OF_STONKS,4310879.224137931,4087060.448580279
2024-07-09 10:32:22,STOCK_OF_STONKS,4382917.313445377,4102514.903123681
2024-07-09 10:44:22,STOCK_OF_STONKS,4329785.820216606,4135388.6138211386
2024-07-09 10:56:22,STOCK_OF_STONKS,4331871.163247864,4147946.1638343064
2024-07-09 11:17:33,STOCK_OF_STONKS,4218938.098076924,4175434.9860561914
2024-07-09 11:29:25,STOCK_OF_STONKS,4259944.770338983,4176062.519035907
2024-07-09 11:41:13,STOCK_OF_STONKS,4305369.575714286,4175732.1578813987
2024-07-09 11:53:18,STOCK_OF_STONKS,4329464.803787879,4176533.575172074
2024-07-09 12:28:59,STOCK_OF_STONKS,4329787.390445859,4180730.5914272894
2024-07-09 12:56:49,STOCK_OF_STONKS,4321257.638582678,4197794.035444947
2024-07-09 13:22:20,STOCK_OF_STONKS,4430664.463559322,4206801.786713996
2024-07-09 13:34:42,STOCK_OF_STONKS,4249977.411612903,4169627.442515251
2024-07-09 13:46:38,STOCK_OF_STONKS,4299997.544274809,4163156.6014752374
2024-07-09 13:58:46,STOCK_OF_STONKS,4129788.7121951217,4031271.1207853407
2024-07-09 14:21:02,STOCK_OF_STONKS,4270681.773134327,4110674.408393409
2024-07-09 14:34:41,STOCK_OF_STONKS,4232617.526865671,4110569.0697368425
2024-07-09 14:46:41,STOCK_OF_STONKS,4364997.606870229,4122923.8305355306
2024-07-09 14:58:28,STOCK_OF_STONKS,4290411.526717558,4122590.2969823107
2024-07-09 15:22:20,STOCK_OF_STONKS,4337346.737323944,4127479.7291470435
2024-07-09 15:34:53,STOCK_OF_STONKS,4254061.627564103,4134097.649904671
2024-07-09 15:47:03,STOCK_OF_STONKS,4319303.0578616345,4150495.1660386967
2024-07-09 15:58:50,STOCK_OF_STONKS,4312775.466233766,4151219.4597282875
2024-07-09 16:27:06,STOCK_OF_STONKS,4285089.272413792,4186895.3141561705
2024-07-09 16:43:17,STOCK_OF_STONKS,4303854.702424242,4189218.867454727
2024-07-09 16:55:18,STOCK_OF_STONKS,4280839.674264706,4187450.029379101
2024-07-09 17:17:24,STOCK_OF_STONKS,4299720.367424242,4187007.1937972764
2024-07-09 17:31:35,STOCK_OF_STONKS,4259327.550632912,4215370.507933398
2024-07-09 17:43:23,STOCK_OF_STONKS,4279662.862903226,4205595.894957563
2024-07-09 17:55:10,STOCK_OF_STONKS,4368294.496539792,4218798.008002012
2024-07-09 18:24:06,STOCK_OF_STONKS,4424334.71285574,4234911.340331491
2024-07-09 18:39:37,STOCK_OF_STONKS,4423019.644343065,4244414.797276264
2024-07-09 18:51:35,STOCK_OF_STONKS,4422980.504848485,4248596.470916705
2024-07-09 19:08:52,STOCK_OF_STONKS,4386709.470394738,4265968.156
2024-07-09 19:21:20,STOCK_OF_STONKS,4424338.78079096,4286911.286056278
2024-07-09 19:34:14,STOCK_OF_STONKS,4413899.861935484,4284994.276693766
2024-07-09 19:46:36,STOCK_OF_STONKS,4402219.269444445,4283720.191082498
2024-07-09 19:58:25,STOCK_OF_STONKS,4387975.933333334,4285816.496774194
2024-07-09 20:22:29,STOCK_OF_STONKS,4393459.433802816,4285204.955540166
2024-07-09 20:35:51,STOCK_OF_STONKS,4424339.8939704215,4281652.966141732
2024-07-09 20:47:56,STOCK_OF_STONKS,4424339.899374021,4285958.738157894
2024-07-09 21:00:12,STOCK_OF_STONKS,4424339.848493976,4279642.55187348
2024-07-09 21:22:29,STOCK_OF_STONKS,4424334.6545064375,4325228.442201835
2024-07-09 21:35:10,STOCK_OF_STONKS,4414421.108571428,4325228.638552188
2024-07-09 21:46:57,STOCK_OF_STONKS,4414417.799431819,4326005.576364908
2024-07-09 21:58:42,STOCK_OF_STONKS,4411851.820512821,4326982.102062741
2024-07-09 22:22:30,STOCK_OF_STONKS,4424339.165449439,4350000.00180228
2024-07-09 22:36:05,STOCK_OF_STONKS,4424339.894871796,4350015.072323553
2024-07-09 22:48:01,STOCK_OF_STONKS,4424339.7,4350188.7157973545
2024-07-09 23:00:04,STOCK_OF_STONKS,4424339.197948718,4350916.758833883
2024-07-09 23:23:59,STOCK_OF_STONKS,4414207.954621848,4352259.991670163
2024-07-09 23:36:07,STOCK_OF_STONKS,4424344.313917526,4352593.799296239
2024-07-09 23:48:15,STOCK_OF_STONKS,4420905.718018019,4351653.262125341
2024-07-10 00:00:03,STOCK_OF_STONKS,4420906.975373135,4351332.6407821225
2024-07-10 01:37:11,STOCK_OF_STONKS,4452857.529292929,4362606.766246852
2024-07-10 02:24:18,STOCK_OF_STONKS,4505860.331896551,4368584.585419411
2024-07-10 02:47:27,STOCK_OF_STONKS,4643483.8574324325,4373498.958938429
2024-07-10 02:59:30,STOCK_OF_STONKS,4573280.006451612,4380622.120434783
2024-07-10 03:24:49,STOCK_OF_STONKS,4535473.333684212,4383108.0815890655
2024-07-10 03:38:41,STOCK_OF_STONKS,4516828.423711341,4385626.496926148
2024-07-10 03:50:20,STOCK_OF_STONKS,4540539.546000001,4382526.23381356
2024-07-10 04:12:57,STOCK_OF_STONKS,4983618.324127907,4411897.659217877
2024-07-10 04:32:04,STOCK_OF_STONKS,4909374.520224718,4425077.184240068
2024-07-10 04:44:09,STOCK_OF_STONKS,4637300.798958334,4426438.84186346
2024-07-10 04:55:59,STOCK_OF_STONKS,4999999.999421965,4440540.2461440675
2024-07-10 05:19:36,STOCK_OF_STONKS,4863043.513392857,4448501.90998458
2024-07-10 05:37:02,STOCK_OF_STONKS,4724379.830630631,4444963.101542208
2024-07-10 05:45:41,STOCK_OF_STONKS,4999991.458947369,4450719.8495234465
2024-07-10 05:57:41,STOCK_OF_STONKS,4950415.314736841,4451735.509976247
2024-07-10 06:28:56,STOCK_OF_STONKS,4852399.705932203,4466112.095411507
2024-07-10 06:42:58,STOCK_OF_STONKS,4756158.347252748,4462502.984968057
2024-07-10 06:55:15,STOCK_OF_STONKS,4900428.655789474,4457443.649689683
2024-07-10 07:18:19,STOCK_OF_STONKS,5190171.682608696,4520651.947278506
2024-07-10 07:30:02,STOCK_OF_STONKS,5038533.72625,4677348.009933775
2024-07-10 07:41:47,STOCK_OF_STONKS,5200000.0,4692099.638085539
2024-07-10 07:53:41,STOCK_OF_STONKS,5190842.073684211,4689361.094513201
2024-07-10 08:20:13,STOCK_OF_STONKS,4945994.882795699,4547642.926877471
2024-07-10 08:37:01,STOCK_OF_STONKS,4821687.989830508,4553381.851048285
2024-07-10 08:49:03,STOCK_OF_STONKS,4821681.813402061,4553668.147967233
2024-07-10 09:07:16,STOCK_OF_STONKS,5072773.541975308,4553498.715712988
2024-07-10 09:25:46,STOCK_OF_STONKS,4989787.958974359,4564578.95391227
2024-07-10 09:38:12,STOCK_OF_STONKS,4937954.763157895,4561142.85453726
2024-07-10 09:50:10,STOCK_OF_STONKS,4886447.270161291,4648567.0356439715
2024-07-10 10:09:47,STOCK_OF_STONKS,5093729.472649573,4678619.237767584
2024-07-10 10:31:58,STOCK_OF_STONKS,4972550.973195877,4716565.21966815
2024-07-10 10:44:00,STOCK_OF_STONKS,4851218.809489051,4553996.057274826
2024-07-10 10:56:01,STOCK_OF_STONKS,4780999.984705882,4470301.530426357
2024-07-10 11:16:49,STOCK_OF_STONKS,4778572.900692041,4488010.104659643
2024-07-10 11:28:48,STOCK_OF_STONKS,4950017.212230217,4551269.557674989
2024-07-10 11:40:50,STOCK_OF_STONKS,4984285.703144654,4507816.111092986
2024-07-10 11:52:53,STOCK_OF_STONKS,4892726.356692914,4468980.886189683
2024-07-10 12:26:33,STOCK_OF_STONKS,4840978.257894738,4489814.875041392
2024-07-10 12:54:52,STOCK_OF_STONKS,4783353.41985294,4399415.198381467
2024-07-10 13:20:19,STOCK_OF_STONKS,4837393.991891892,4354609.97986469
2024-07-10 13:32:54,STOCK_OF_STONKS,4980499.140983607,4434859.034193011
2024-07-10 13:44:57,STOCK_OF_STONKS,4960703.153358209,4437241.245261845
2024-07-10 13:57:09,STOCK_OF_STONKS,4968037.803809524,4456261.50784548
2024-07-10 14:19:33,STOCK_OF_STONKS,5245475.5125,4542321.0548848305
2024-07-10 14:31:51,STOCK_OF_STONKS,5165807.1477272725,4618140.229811628
2024-07-10 14:43:53,STOCK_OF_STONKS,5098029.85934066,4655555.263237139
2024-07-10 14:55:48,STOCK_OF_STONKS,5116280.7700000005,4705309.072908863
2024-07-10 15:21:06,STOCK_OF_STONKS,5473506.373831776,4809457.885481904
2024-07-10 15:33:48,STOCK_OF_STONKS,5724311.378888888,4870302.256046968
2024-07-10 15:45:41,STOCK_OF_STONKS,5876278.098019803,4915117.947521983
2024-07-10 15:57:45,STOCK_OF_STONKS,5993582.9890721645,4938614.318398097
2024-07-10 16:26:22,STOCK_OF_STONKS,6999999.974647887,5120343.557908071
2024-07-10 16:42:12,STOCK_OF_STONKS,6566969.371153846,4806338.9819417475
2024-07-10 16:54:18,STOCK_OF_STONKS,5967374.607692308,4985290.1689034365
2024-07-10 17:14:13,STOCK_OF_STONKS,6200114.7,5079983.230207908
2024-07-10 17:28:53,STOCK_OF_STONKS,6524643.430303031,5412014.434568897
2024-07-10 17:40:52,STOCK_OF_STONKS,6456971.877049181,5485759.458915575
2024-07-10 17:53:02,STOCK_OF_STONKS,7260360.388333334,5540452.89080824
2024-07-10 18:20:25,STOCK_OF_STONKS,6325453.1485436885,5291385.459412004
2024-07-10 18:38:42,STOCK_OF_STONKS,6255118.742045454,5200750.456926851
2024-07-10 18:50:54,STOCK_OF_STONKS,5960649.842045455,4846054.550916575
2024-07-10 19:09:56,STOCK_OF_STONKS,6268603.4,4981338.945364502
2024-07-10 19:25:58,STOCK_OF_STONKS,5781293.490588235,4835927.791638547
2024-07-10 19:37:48,STOCK_OF_STONKS,5363826.046357616,4689823.536620294
2024-07-10 19:49:40,STOCK_OF_STONKS,5107990.071341463,4562992.152042921
2024-07-10 20:08:26,STOCK_OF_STONKS,5080760.715246636,4472629.720133112
2024-07-10 20:26:50,STOCK_OF_STONKS,5080754.232323232,4354135.456174819
2024-07-10 20:39:30,STOCK_OF_STONKS,4849422.41724138,4345578.333628317
2024-07-10 20:51:28,STOCK_OF_STONKS,4749193.203418804,4341772.176063183
2024-07-10 21:10:33,STOCK_OF_STONKS,4344784.26068376,4046624.9288797528
2024-07-10 21:24:46,STOCK_OF_STONKS,4400309.268807339,3995257.21270971
2024-07-10 21:37:21,STOCK_OF_STONKS,4229869.640178571,3970154.0051242234
2024-07-10 21:49:35,STOCK_OF_STONKS,4210800.552173912,3983400.48189386
2024-07-10 22:07:16,STOCK_OF_STONKS,4194707.801574803,3983187.6388571425
2024-07-10 22:27:24,STOCK_OF_STONKS,4103772.772868217,3849106.190909091
2024-07-10 22:39:25,STOCK_OF_STONKS,4077477.5931297718,3779230.3461349686
2024-07-10 22:51:21,STOCK_OF_STONKS,4063654.5815384616,3555492.537359701
2024-07-10 23:10:58,STOCK_OF_STONKS,4080561.998550726,3712129.5158620686
2024-07-10 23:25:32,STOCK_OF_STONKS,4064887.9103559875,3741334.436330935
2024-07-10 23:39:47,STOCK_OF_STONKS,4048349.636956522,3678315.509193246
2024-07-10 23:51:40,STOCK_OF_STONKS,4046765.5374269006,3729666.5898346608
2024-07-11 00:54:52,STOCK_OF_STONKS,4066331.4974226803,3705195.577924415
2024-07-11 02:04:24,STOCK_OF_STONKS,4343390.175449101,3731549.795801527
2024-07-11 02:41:58,STOCK_OF_STONKS,4212689.365413534,3606587.3622713415
2024-07-11 02:53:54,STOCK_OF_STONKS,4200084.803030304,3670285.940615385
2024-07-11 03:19:27,STOCK_OF_STONKS,4120455.607643312,3507262.808253206
2024-07-11 03:34:35,STOCK_OF_STONKS,4048932.68625,3503183.2714746175
2024-07-11 03:46:26,STOCK_OF_STONKS,3964762.2842931934,3527916.6665325826
2024-07-11 03:58:35,STOCK_OF_STONKS,3970894.3427672954,3531433.497149644
2024-07-11 04:27:07,STOCK_OF_STONKS,3823693.5982558136,3572061.2661030595
2024-07-11 04:41:18,STOCK_OF_STONKS,3897881.2569536427,3377808.4050167226
2024-07-11 04:53:02,STOCK_OF_STONKS,3855759.5780821918,3380450.0059057735
2024-07-11 05:13:37,STOCK_OF_STONKS,3780924.310135136,3709547.42352576
2024-07-11 05:31:04,STOCK_OF_STONKS,3939029.2799999993,3718284.2562264153
2024-07-11 05:43:07,STOCK_OF_STONKS,3918465.26993865,3711749.8580194404
2024-07-11 05:55:01,STOCK_OF_STONKS,3857036.626973684,3711737.3360124608
2024-07-11 06:24:35,STOCK_OF_STONKS,4282117.261363637,3724867.6932140198
2024-07-11 06:40:32,STOCK_OF_STONKS,4111448.5392857143,3734604.739679487
2024-07-11 06:52:20,STOCK_OF_STONKS,4103794.054461539,3729063.685685619
2024-07-11 07:13:31,STOCK_OF_STONKS,4018447.8267175574,3726259.2608367624
2024-07-11 07:27:20,STOCK_OF_STONKS,3947678.7801339286,3727244.8041474656
2024-07-11 07:39:20,STOCK_OF_STONKS,3900861.9458333333,3729029.6097117797
2024-07-11 07:51:05,STOCK_OF_STONKS,3880652.5836734697,3728745.194834184
2024-07-11 08:13:23,STOCK_OF_STONKS,3924310.2962085297,3729085.2037436552
2024-07-11 08:31:42,STOCK_OF_STONKS,3863953.678698225,3735994.272078594
2024-07-11 08:43:43,STOCK_OF_STONKS,3915000.8919999995,3736957.354577643
2024-07-11 08:55:35,STOCK_OF_STONKS,3855929.0700000003,3736221.92191393
2024-07-11 09:21:37,STOCK_OF_STONKS,3843253.591752577,3733555.9162962963
2024-07-11 09:35:19,STOCK_OF_STONKS,3842575.0065217395,3732322.4411046887
2024-07-11 09:47:20,STOCK_OF_STONKS,3843864.6467532483,3730849.989075067
2024-07-11 09:59:22,STOCK_OF_STONKS,3830950.1795031046,3729035.489852009
2024-07-11 10:24:19,STOCK_OF_STONKS,3869862.296951219,3727830.7995686554
2024-07-11 10:37:54,STOCK_OF_STONKS,3856078.288235294,3729565.034949349
2024-07-11 10:49:57,STOCK_OF_STONKS,3890115.6463576155,3737514.0859796284
2024-07-11 11:08:16,STOCK_OF_STONKS,3888311.8256410244,3737714.968329327
2024-07-11 11:23:21,STOCK_OF_STONKS,3890320.5875,3740403.042303173
2024-07-11 11:35:38,STOCK_OF_STONKS,3866205.4480263176,3734322.5967741935
2024-07-11 11:47:47,STOCK_OF_STONKS,4087443.239220779,3742201.1794825513
2024-07-11 11:59:58,STOCK_OF_STONKS,4065106.5123287668,3745403.430401319
2024-07-11 12:41:33,STOCK_OF_STONKS,3915215.5427083336,3744472.6947765527
2024-07-11 13:01:30,STOCK_OF_STONKS,3879098.0732510285,3734967.348360656
2024-07-11 13:25:48,STOCK_OF_STONKS,3863089.136746988,3736761.7667333335
2024-07-11 13:37:56,STOCK_OF_STONKS,3842136.937500001,3731109.1725663715
2024-07-11 13:50:07,STOCK_OF_STONKS,3826878.882868526,3724804.791882184
2024-07-11 14:08:20,STOCK_OF_STONKS,3877657.411111111,3725319.77466468
2024-07-11 14:27:49,STOCK_OF_STONKS,3798299.2643312104,3724389.790154299
2024-07-11 14:39:34,STOCK_OF_STONKS,3797015.076282051,3724774.653594306
2024-07-11 14:51:27,STOCK_OF_STONKS,3839704.049079754,3730862.908213552
2024-07-11 15:11:58,STOCK_OF_STONKS,4099759.967701863,3764559.5079672365
2024-07-11 15:27:49,STOCK_OF_STONKS,3880227.0714999996,3766101.1631774316
2024-07-11 15:39:57,STOCK_OF_STONKS,3913002.413750001,3763912.8124631266
2024-07-11 15:52:12,STOCK_OF_STONKS,3859832.1142076496,3760969.336779912
2024-07-11 16:15:02,STOCK_OF_STONKS,3842151.583040936,3763384.1744868034
2024-07-11 16:34:40,STOCK_OF_STONKS,3852650.1625766866,3767505.5953321364
2024-07-11 16:46:51,STOCK_OF_STONKS,3857299.962048193,3767506.2722103004
2024-07-11 16:58:41,STOCK_OF_STONKS,3829047.7535294113,3767506.212920739
2024-07-11 17:21:37,STOCK_OF_STONKS,3874577.657803468,3767506.5866293847
2024-07-11 17:34:47,STOCK_OF_STONKS,3851896.219078948,3767506.9727615453
2024-07-11 17:47:02,STOCK_OF_STONKS,3849811.4405228766,3767506.6950574145
2024-07-11 17:58:55,STOCK_OF_STONKS,3843417.791558443,3767510.517617689
2024-07-11 18:28:15,STOCK_OF_STONKS,3878136.6323671504,3767507.476339691
2024-07-11 18:41:58,STOCK_OF_STONKS,3832259.5490322583,3767507.5252930564
2024-07-11 18:54:05,STOCK_OF_STONKS,3865260.1510729617,3767507.401930147
2024-07-11 19:13:09,STOCK_OF_STONKS,3866547.449333334,3767506.2580952384
2024-07-11 19:24:51,STOCK_OF_STONKS,3863257.7130681816,3767506.2241262686
2024-07-11 19:38:18,STOCK_OF_STONKS,3883350.609137056,3767506.620252499
2024-07-11 19:50:31,STOCK_OF_STONKS,3882832.6544973548,3767507.4557914166
2024-07-11 20:10:08,STOCK_OF_STONKS,3913257.07,3767507.6948717944
2024-07-11 20:26:00,STOCK_OF_STONKS,3885480.847368421,3767508.1166805667
2024-07-11 20:38:18,STOCK_OF_STONKS,3903029.997931035,3767554.7320028013
2024-07-11 20:50:06,STOCK_OF_STONKS,3899291.7482993198,3767587.5242060693
2024-07-11 21:09:30,STOCK_OF_STONKS,3938615.3096385547,3767594.3768421053
2024-07-11 21:26:13,STOCK_OF_STONKS,4096568.5677165356,3768364.7277108426
2024-07-11 21:38:19,STOCK_OF_STONKS,4080575.699056604,3777088.8616749463
2024-07-11 21:50:15,STOCK_OF_STONKS,4099999.9682634734,3771472.8323076917
2024-07-11 22:08:45,STOCK_OF_STONKS,4067116.1846153853,3801241.9275211445
2024-07-11 22:28:43,STOCK_OF_STONKS,4025825.4897959186,3820686.3477956606
2024-07-11 22:40:40,STOCK_OF_STONKS,4011397.9082191773,3805244.442633229
2024-07-11 22:52:37,STOCK_OF_STONKS,4031273.4048951054,3797961.064362416
2024-07-11 23:14:58,STOCK_OF_STONKS,4099999.932857143,3792507.1028873236
2024-07-11 23:29:08,STOCK_OF_STONKS,4099997.637142857,3802248.5806564246
2024-07-11 23:40:57,STOCK_OF_STONKS,4018084.6402877704,3795925.0330747524
2024-07-11 23:52:44,STOCK_OF_STONKS,3983478.3690789468,3780999.4448332647
2024-07-12 01:01:26,STOCK_OF_STONKS,3956650.731884058,3767869.417793103
2024-07-12 02:06:58,STOCK_OF_STONKS,3919702.6920289863,3771210.3603142076
2024-07-12 02:41:18,STOCK_OF_STONKS,3928616.7704697982,3769841.121746987
2024-07-12 02:53:01,STOCK_OF_STONKS,3893052.490909091,3769380.181679853
2024-07-12 03:16:10,STOCK_OF_STONKS,3890329.2510344824,3768707.8147603823
2024-07-12 03:31:24,STOCK_OF_STONKS,3881113.716363636,3768026.643861977
2024-07-12 03:43:11,STOCK_OF_STONKS,3856231.8898876403,3767772.9480111655
2024-07-12 03:55:03,STOCK_OF_STONKS,3888002.985517241,3766905.7024606965
2024-07-12 04:20:26,STOCK_OF_STONKS,3888872.107792208,3767752.081609993
2024-07-12 04:35:33,STOCK_OF_STONKS,3893240.4679104486,3768005.5872602738
2024-07-12 04:47:35,STOCK_OF_STONKS,4109868.394405595,3767899.3736271188
2024-07-12 04:59:23,STOCK_OF_STONKS,4082384.3347826093,3767904.310605075
2024-07-12 05:22:17,STOCK_OF_STONKS,4187643.3713178304,3780548.0313087036
2024-07-12 05:35:18,STOCK_OF_STONKS,4126337.5451851864,3779548.9585922644
2024-07-12 05:47:17,STOCK_OF_STONKS,4040504.972093024,3779989.7106962027
2024-07-12 05:59:22,STOCK_OF_STONKS,4036152.937404581,3786165.7568245125
2024-07-12 06:29:47,STOCK_OF_STONKS,3986470.6553846165,3780932.8138836776
